source_file,model,segment_id,maxcpu,avgcpu,p95maxcpu,vmcorecountbucket,vmmemorybucket,lifetime,corehour,allocated_gpu_hour,avg_power_W,measured_energy_Wh,power_saving_index
bert_trace1.csv,bert,0,100.0,79.22222222222223,100.0,2,32,0.36358777781327567,0.5760846346241457,0.7271755556265513,139.6833010620935,101.5742820615787,10.552439303064007
bert_trace1.csv,bert,1,100.0,84.35291474324931,100.0,2,32,0.3638194444444444,0.613784611583171,0.7276388888888888,145.208528126151,105.65937206290349,8.26630601421496
bert_trace1.csv,bert,2,100.0,85.64300012255403,100.0,2,32,0.36386833336618213,0.6232555143814693,0.7277366667323643,146.79886841782917,106.83091918247393,7.668857468051096
bert_trace1.csv,bert,3,100.0,84.30679357816905,100.0,2,32,0.3638533333275053,0.6135061573114146,0.7277066666550106,145.3707966011702,105.78729782362112,8.300709507768971
bert_trace1.csv,bert,4,100.0,84.73144327791168,100.0,2,32,0.3638755555285348,0.616634019869693,0.7277511110570696,145.81203807345327,106.11487271345135,8.101104765412572
bert_trace2.csv,bert,0,99.0,61.965226167538304,93.0,2,8,0.32433944443861645,0.4019553405938518,0.6486788888772329,62.67160886319812,40.6537496015279,7.731280857678218
bert_trace2.csv,bert,1,99.0,77.2291494632535,94.0,2,8,0.32370000004768373,0.49998151369875465,0.6474000000953675,68.45474722451513,44.31760335967945,5.045747611250374
bert_trace2.csv,bert,2,99.0,77.12936966694193,94.0,2,8,0.32377388887935216,0.49944951927757864,0.6475477777587043,68.42718919166887,44.30987429933961,5.066973776022334
bert_trace2.csv,bert,3,99.0,45.47557003257329,92.0,2,8,0.323396111064487,0.29413244993949855,0.646792222128974,57.974682754507164,37.497573886009995,10.222669206480804
bert_trace2.csv,bert,4,99.0,33.73845024544662,91.0,2,8,0.32339583337306976,0.2182174846768412,0.6467916667461395,54.1199816488501,35.00435313493024,11.597213434380684
bert_trace3.csv,bert,0,99.0,59.81048182586644,92.0,2,8,0.26342000001006655,0.31510554246343647,0.5268400000201331,63.30914342068184,33.35378912102663,6.702363570278591
bert_trace3.csv,bert,1,99.0,76.51372217526064,94.0,2,8,0.26349722219838034,0.4032230650647958,0.5269944443967607,68.16854606931501,35.92444506113365,4.218657487026855
bert_trace3.csv,bert,2,99.0,75.94482952944492,93.0,2,8,0.26352416667673323,0.40026595830307066,0.5270483333534665,68.11623950408502,35.90055050493356,4.317969311914747
bert_trace3.csv,bert,3,99.0,76.39864750633981,94.0,2,8,0.2635297222269906,0.40266628711727004,0.5270594444539812,67.74387376725764,35.705048472931445,4.213437174064392
bert_trace3.csv,bert,4,99.0,72.6754395852119,93.0,2,8,0.26348944438828364,0.3829842239396352,0.5269788887765673,66.93976273669948,35.275841781952956,4.819484349767397
inception3_trace1.csv,inception3,0,99.0,87.1599286351472,99.0,1,32,2.4140077777703604,2.104047456351549,2.4140077777703604,196.467936961046,474.27512790646193,60.89726488893661
inception3_trace1.csv,inception3,1,100.0,72.35556348498365,99.0,1,32,2.4142808333370422,1.7468665010709759,2.4142808333370422,172.04639369610075,415.368310745255,114.82622896746788
inception3_trace1.csv,inception3,2,100.0,69.64539994052929,99.0,1,32,2.414068333307902,1.681287545569958,2.414068333307902,166.9404530478769,403.0056612509543,122.33075668975252
inception3_trace1.csv,inception3,3,99.0,94.74400237882843,99.0,1,32,2.4133511110809116,2.286505434091981,2.4133511110809116,208.48050502527488,503.1366584414567,26.444850798925096
inception3_trace1.csv,inception3,4,100.0,94.78465655664586,99.0,1,32,2.41358083334234,2.287704303600568,2.41358083334234,208.59286922390532,503.45575113070316,26.256946506784505
inception3_trace2.csv,inception3,0,100.0,40.2902352828807,91.0,1,32,0.9029788888825311,0.3638123188855137,0.9029788888825311,105.30162150975833,95.08514118841042,56.77511408454056
inception3_trace2.csv,inception3,1,100.0,56.916616256486996,97.0,1,32,0.9028800000084771,0.5138887448613947,0.9028800000084771,133.30181190104707,120.3555399303474,51.8532391247686
inception3_trace2.csv,inception3,2,100.0,60.056480626572004,96.0,1,32,0.9030197221702999,0.5423218644993305,0.9030197221702999,137.6641879716,124.31347677491418,49.65517767936976
inception3_trace2.csv,inception3,3,100.0,73.18039415454169,98.0,1,32,0.902925833331214,0.6607646837549627,0.902925833331214,160.80632398356985,145.196184087794,38.941044274992414
inception3_trace2.csv,inception3,4,100.0,68.25767320427916,97.0,1,32,0.9030111111534966,0.6163743732494837,0.9030111111534966,151.91623121497628,137.18204475168724,43.544772950132575
inception3_trace3.csv,inception3,0,100.0,83.37080449924487,100.0,2,32,0.6579763888650471,1.0971204176237392,1.3159527777300941,165.37853053219993,217.63033663076968,18.095087073641103
inception3_trace3.csv,inception3,1,100.0,89.3165926560422,100.0,2,32,0.6580483333269755,1.1754926987150591,1.316096666653951,179.21033721795305,235.85812744247852,12.598842254255544
inception3_trace3.csv,inception3,2,100.0,90.75772057166043,100.0,2,32,0.6583713889122009,1.1950457309453901,1.3167427778244019,182.31077431134867,240.05639539404285,11.093341423958563
inception3_trace3.csv,inception3,3,100.0,91.17285063793337,100.0,2,32,0.6584199999438392,1.200600566238155,1.3168399998876783,183.31374577340932,241.39487296366622,10.654142994436912
inception3_trace3.csv,inception3,4,100.0,91.7402732067986,100.0,2,32,0.6580888888570997,1.207465089162177,1.3161777777141994,184.29803953834457,242.56898411666202,10.017767686540184
resnet50_trace1.csv,resnet50,0,100.0,71.21364607295432,100.0,2,32,0.37208972222275205,0.529957315715099,0.7441794444455041,151.97988498192672,113.10030637274184,16.278727242515235
resnet50_trace1.csv,resnet50,1,100.0,83.20058330594807,100.0,2,32,0.37384555551740856,0.6220833657076917,0.7476911110348171,170.63735253039636,127.58403169749181,10.71668655996647
resnet50_trace1.csv,resnet50,2,100.0,83.4407246138679,100.0,2,32,0.3742630555232366,0.6245756109811826,0.7485261110464732,171.40343945119966,128.2999499523961,10.622771016443465
resnet50_trace1.csv,resnet50,3,100.0,83.32767827801511,100.0,2,32,0.37433722224500443,0.6238530324543514,0.7486744444900089,171.9604765034514,128.7424142204587,10.732174745742645
resnet50_trace1.csv,resnet50,4,100.0,82.76002300361485,100.0,2,32,0.37414972225824994,0.6192927924177775,0.7482994445164999,170.52613498192557,127.60461208252057,10.999502884676529
resnet50_trace2.csv,resnet50,0,100.0,78.84683242905656,100.0,2,32,0.38270916667249466,0.6035081106738013,0.7654183333449893,121.16943986884715,92.74531071675888,9.809285495054086
resnet50_trace2.csv,resnet50,1,100.0,89.90265037667356,100.0,2,32,0.3830022221803665,0.6886582974834107,0.766004444360733,133.54346383543404,102.2948868132693,5.164536184160926
resnet50_trace2.csv,resnet50,2,100.0,89.96709473437683,100.0,2,32,0.3830291666587194,0.6892004264562884,0.7660583333174388,133.59435301924347,102.3410674145432,5.133891170764332
resnet50_trace2.csv,resnet50,3,100.0,90.59840736981809,100.0,2,32,0.38330805553330316,0.6945419872667812,0.7666161110666063,134.62113787180897,103.20273318264762,4.851350278523049
resnet50_trace2.csv,resnet50,4,100.0,89.57026309626045,100.0,2,32,0.3834019444386164,0.686828260699694,0.7668038888772328,133.09613592005638,102.05863461803199,5.322223539104796
resnet50_trace3.csv,resnet50,0,100.0,78.77660215053764,99.0,2,32,0.345103888909022,0.5437222351437874,0.690207777818044,175.3181608602157,121.00595821847585,12.84078796713066
resnet50_trace3.csv,resnet50,1,100.0,93.7770752688172,99.0,2,32,0.3450683333476384,0.6471899813845359,0.6901366666952768,205.10856903225758,141.55294414256034,4.40436658438238
resnet50_trace3.csv,resnet50,2,100.0,92.66408602150538,99.0,2,32,0.3450402777724796,0.6394568396078631,0.6900805555449592,203.11977204301135,140.16900513360673,5.141338820556544
resnet50_trace3.csv,resnet50,3,100.0,92.55806451612904,99.0,2,32,0.34500611113177404,0.6386619578518705,0.6900122222635481,202.87383741935463,139.98542739686263,5.208812596847774
resnet50_trace3.csv,resnet50,4,100.0,93.31410752688173,99.0,2,32,0.3451797222428852,0.6442027543494351,0.6903594444857704,204.19744172043104,140.96963243153223,4.712539022061153
unlabeled_gpu_trace1.csv,unlabeled,0,50.0,35.16897482368701,43.0,1,4,2.952841666671965,1.0384841423352034,2.952841666671965,62.37276249950837,184.17689197398292,119.40376720460364
unlabeled_gpu_trace1.csv,unlabeled,1,47.0,35.00353610968835,43.0,1,4,2.9545116666290494,1.0341835580934542,2.9545116666290494,61.66988583980162,182.2043971933755,118.42641522835233
unlabeled_gpu_trace1.csv,unlabeled,2,49.0,35.24296718017415,43.0,1,4,2.9507947222391766,1.039947615513064,2.9507947222391766,61.76707773531415,182.26196698950196,118.02744178145194
unlabeled_gpu_trace1.csv,unlabeled,3,50.0,35.371508214806354,44.0,1,4,2.950247777832879,1.0435471350932988,2.950247777832879,61.90691511366852,182.64073874658922,118.03795483725642
unlabeled_gpu_trace1.csv,unlabeled,4,49.0,34.90635711752886,44.0,1,4,2.9535963888963064,1.0309929033185812,2.9535963888963064,61.56156160119813,181.82800604011632,118.35847291207136
unlabeled_gpu_trace2.csv,unlabeled,0,29.0,0.016009635156571295,0.0,2,4,0.5233544444375567,0.00016757427426030696,1.0467088888751135,31.689746195881533,33.169939029425514,16.582314321602624
unlabeled_gpu_trace2.csv,unlabeled,1,29.0,0.010545796369190999,0.0,2,4,0.526027222275734,0.00011094751941542123,1.052054444551468,29.745226778681168,31.293598036702864,15.64514893878866
unlabeled_gpu_trace2.csv,unlabeled,2,30.0,0.03181364197168204,0.0,2,4,0.5235233333375718,0.00033310367781246123,1.0470466666751437,30.884156042533693,32.3371526374099,16.163432505723
unlabeled_gpu_trace2.csv,unlabeled,3,29.0,0.011398020034664082,0.0,2,4,0.530832499994172,0.00012100878939968789,1.061664999988344,26.911513175288903,28.571011634929413,14.28387755264958
unlabeled_gpu_trace2.csv,unlabeled,4,29.0,0.010105461061660938,0.0,2,4,0.5331175000137753,0.00010774796275358463,1.0662350000275507,25.517191034341014,27.20732218320361,13.602286378927232
unlabeled_gpu_trace3.csv,unlabeled,0,90.0,87.69351166761525,90.0,1,4,0.10359027776453231,0.0908419523179552,0.10359027776453231,127.11946499715411,13.168340688333936,1.6205603103784891
unlabeled_gpu_trace3.csv,unlabeled,1,90.0,87.93056346044393,90.0,1,4,0.10112249996927049,0.08891758400826678,0.10112249996927049,127.44758110415493,12.887818016288506,1.5554870168094148
unlabeled_gpu_trace3.csv,unlabeled,2,90.0,87.92997438087104,90.0,1,4,0.10188722219732073,0.08958940837548526,0.10188722219732073,127.46074295473923,12.986621038865099,1.5674884864502083
unlabeled_gpu_trace3.csv,unlabeled,3,90.0,87.92598918303445,90.0,1,4,0.10376250002119276,0.09123420454468006,0.10376250002119276,127.30321662396845,13.209300017642434,1.59489231297558
unlabeled_gpu_trace3.csv,unlabeled,4,90.0,87.89638485624822,90.0,1,4,0.10415861109892527,0.09155165367243423,0.10415861109892527,127.23808995160826,13.252942728239637,1.6040851830479628
unlabeled_gpu_trace4.csv,unlabeled,0,87.0,34.1231565522109,66.0,1,4,2.31576111111376,0.790210789320567,2.31576111111376,77.07831622481781,178.49496722356187,117.58685012004833
unlabeled_gpu_trace4.csv,unlabeled,1,69.0,34.640002971805,67.0,1,4,2.3158066666788524,0.8021954981588127,2.3158066666788524,78.17579786772956,181.04003387502652,118.32776076056055
unlabeled_gpu_trace4.csv,unlabeled,2,71.0,36.04751173243849,67.0,1,4,2.3155641667048137,0.8347032646650593,2.3155641667048137,79.4875700541119,184.05856891574012,117.71003469128033
unlabeled_gpu_trace4.csv,unlabeled,3,71.0,38.36917704747517,67.0,1,4,2.315571666691038,0.8884657924538562,2.315571666691038,82.79546088312952,191.7188233516009,118.15788858648898
unlabeled_gpu_trace4.csv,unlabeled,4,71.0,36.476992991406426,67.0,1,4,2.31559611108568,0.8446598311500033,2.31559611108568,80.47364521161994,186.34445989691588,118.37160432044371
unlabeled_gpu_trace5.csv,unlabeled,0,95.0,80.96638655462185,93.0,1,8,0.020641666650772095,0.0167128116117806,0.020641666650772095,196.57596638655457,4.0576555697046395,0.7723184760824376
unlabeled_gpu_trace5.csv,unlabeled,1,94.0,88.89355742296918,93.0,1,8,0.020671388904253643,0.01837553296572799,0.020671388904253643,211.5254621848741,4.37252509197553,0.48563198850652617
unlabeled_gpu_trace5.csv,unlabeled,2,94.0,91.57142857142857,93.0,1,8,0.020633888906902736,0.018894746841892362,0.020633888906902736,215.0846498599439,4.438032770790156,0.37406276210945605
unlabeled_gpu_trace5.csv,unlabeled,3,94.0,80.35994397759103,93.0,1,8,0.020800833370950487,0.01671553804376787,0.020800833370950487,194.2860224089638,4.041311178433608,0.7937157794842367
unlabeled_gpu_trace5.csv,unlabeled,4,94.0,78.36886395511921,93.0,1,8,0.020748611092567443,0.016260450799710953,0.020748611092567443,190.7282889200562,3.9573470911530864,0.8560191330554568
unlabeled_gpu_trace6.csv,unlabeled,0,93.0,20.648459689753114,85.0,2,32,0.06839444445239173,0.028244798585565386,0.13678888890478347,72.06040201005007,9.857062324986774,3.9108653921090193
unlabeled_gpu_trace6.csv,unlabeled,1,91.0,25.258903211710727,85.0,2,32,0.06811333331796858,0.0344093618741112,0.13622666663593716,82.30556259558693,11.21221243799228,4.190065275194209
unlabeled_gpu_trace6.csv,unlabeled,2,91.0,25.70388986013986,85.0,2,32,0.06806250002649095,0.034989420085733795,0.1361250000529819,83.50487543706284,11.367101173294424,4.22265700371008
unlabeled_gpu_trace6.csv,unlabeled,3,92.0,25.746066433566433,85.0,2,32,0.06807555556297303,0.03505355552052493,0.13615111112594605,83.53786931818158,11.3737737287645,4.2227371942766325
unlabeled_gpu_trace6.csv,unlabeled,4,100.0,25.214597902097903,85.0,2,32,0.0681047221687105,0.034344663694362565,0.136209444337421,83.36617132867113,11.355259873216532,4.246038377723356
unlabeled_gpu_trace7.csv,unlabeled,0,80.0,55.56748994830557,75.0,1,4,0.15013277775711484,0.08342501618929672,0.15013277775711484,99.10879379666865,14.879478512850977,6.611325785862223
unlabeled_gpu_trace7.csv,unlabeled,1,71.0,67.96496266513498,70.0,1,4,0.14973277774122026,0.10176582648928989,0.14973277774122026,117.41793222286032,17.581313148359207,5.632180231036405
unlabeled_gpu_trace7.csv,unlabeled,2,71.0,68.31999234009957,70.0,1,4,0.1497063888443841,0.1022793933911229,0.1497063888443841,117.21482573726567,17.547808280149813,5.559147007296101
unlabeled_gpu_trace7.csv,unlabeled,3,72.0,68.58713136729223,70.0,1,4,0.14968083328670925,0.10266178975801296,0.14968083328670925,117.7569513596326,17.625958604812297,5.536819221785138
unlabeled_gpu_trace7.csv,unlabeled,4,71.0,68.11049406357718,70.0,1,4,0.14967499997880723,0.10194438197522464,0.14967499997880723,117.10693986978153,17.52798122252773,5.589586612493058
unlabeled_gpu_trace8.csv,unlabeled,0,12.0,0.008863038360337904,0.0,1,32,0.2074844444460339,1.838942590298597e-05,0.2074844444460339,38.97582606287135,8.086877617480111,8.08616087441472
unlabeled_gpu_trace8.csv,unlabeled,1,0.0,0.0,0.0,1,32,0.2075311111079322,0.0,0.2075311111079322,38.99360337903391,8.092385835352927,8.092385835352927
unlabeled_gpu_trace8.csv,unlabeled,2,0.0,0.0,0.0,1,32,0.20748194442854986,0.0,0.20748194442854986,38.933603379033826,8.078019732691898,8.078019732691898
unlabeled_gpu_trace8.csv,unlabeled,3,0.0,0.0,0.0,1,32,0.20749277777141995,0.0,0.20749277777141995,38.88284032682501,8.067908547055508,8.067908547055508
unlabeled_gpu_trace8.csv,unlabeled,4,4.0,0.0019387896413239163,0.0,1,32,0.20746972216500176,4.022401482218563e-06,0.20746972216500176,38.86552693532806,8.063420075068905,8.063263742315753
unlabeled_gpu_trace9.csv,unlabeled,0,0.0,0.0,0.0,2,4,0.01716472221745385,0.0,0.0343294444349077,27.179435626102176,0.9330549250984255,0.46652746254921273
unlabeled_gpu_trace9.csv,unlabeled,1,0.0,0.0,0.0,2,4,0.017206666668256123,0.0,0.034413333336512246,27.225044091710636,0.9369045174292814,0.4684522587146407
unlabeled_gpu_trace9.csv,unlabeled,2,0.0,0.0,0.0,2,4,0.017133333351877,0.0,0.034266666703754,27.26155202821862,0.9341625171780163,0.4670812585890082
unlabeled_gpu_trace9.csv,unlabeled,3,0.0,0.0,0.0,2,4,0.017116111119588218,0.0,0.034232222239176435,27.265440917107473,0.9333566329235575,0.46667831646177876
unlabeled_gpu_trace9.csv,unlabeled,4,0.0,0.0,0.0,2,4,0.017253055572509765,0.0,0.03450611114501953,27.246463844797276,0.9401695097373309,0.47008475486866547
vgg16_trace1.csv,vgg16,0,100.0,98.64926064322442,100.0,2,32,0.4659299999475479,0.919273000126464,0.9318599998950958,194.84219890773292,181.56565145372025,1.226239356285683
vgg16_trace1.csv,vgg16,1,100.0,99.3841461467216,100.0,2,32,0.4656972222195731,0.9256584158638468,0.9313944444391462,194.55545239692046,181.20786749783647,0.5579878172145143
vgg16_trace1.csv,vgg16,2,100.0,99.37853720855956,100.0,2,32,0.4658250000079473,0.925860141919341,0.9316500000158946,194.24684733312012,180.97007532098883,0.5623308408808432
vgg16_trace1.csv,vgg16,3,100.0,99.32213350367294,100.0,2,32,0.46564555558893417,0.9249782007519216,0.9312911111778683,194.32966113063077,180.97748604916373,0.6133928719111217
vgg16_trace1.csv,vgg16,4,100.0,99.29980836793357,100.0,2,32,0.46578555557462903,0.9250483281822426,0.9315711111492581,194.32987671670304,181.0320991824774,0.6337858049149607
vgg16_trace2.csv,vgg16,0,100.0,96.86867406560114,100.0,1,32,0.9296500000026491,0.900539628453427,0.9296500000026491,194.9201721952574,181.2075380818374,5.674198635042255
vgg16_trace2.csv,vgg16,1,100.0,89.25093517173154,100.0,1,32,0.9286258333259159,0.828807240489665,0.9286258333259159,179.33997866880873,166.53973713997448,17.901464310003746
vgg16_trace2.csv,vgg16,2,100.0,95.24082604260055,100.0,1,32,0.9287274999750985,0.8845277426610765,0.9287274999750985,189.04883667728188,175.5748534604927,8.355912701634024
vgg16_trace2.csv,vgg16,3,100.0,87.52193402788512,100.0,1,32,0.9298175000482135,0.8137942589719281,0.9298175000482135,176.9863934831672,164.56504593106797,20.534534998319803
vgg16_trace2.csv,vgg16,4,100.0,78.96858962468312,100.0,1,32,0.9287949999835756,0.7334563119916055,0.9287949999835756,164.60097848265622,152.88056580709522,32.15293917899658
vgg16_trace3.csv,vgg16,0,100.0,98.09366111336855,100.0,2,32,0.44027111113071443,0.8637561034652506,0.8805422222614289,199.39638663144981,175.57693739535588,1.673545716762106
vgg16_trace3.csv,vgg16,1,100.0,99.5535012867398,100.0,2,32,0.44024027778042685,0.8765492212097682,0.8804805555608537,201.81438236489458,177.69363950481295,0.39669990696710555
vgg16_trace3.csv,vgg16,2,100.0,99.56792631721522,100.0,2,32,0.4399763888782925,0.8761507333829651,0.879952777756585,201.8244700663678,177.59600305415108,0.383672795437314
vgg16_trace3.csv,vgg16,3,100.0,99.53745090071787,100.0,2,32,0.4400625000397364,0.8760539898190484,0.8801250000794728,201.79451307056706,177.60439583227,0.410753766603815
vgg16_trace3.csv,vgg16,4,100.0,99.51530543139646,100.0,2,32,0.44014555553595225,0.8760243878686391,0.8802911110719045,201.5598818231091,177.43137231758647,0.43000011231103213
