S,context_noise_level,trust_scale_mult,gate_scale_mult,gate_mode,trust_floor,policy_label,n,mean_reward_pct_oracle,mean_transition_l1_error,mean_off_support_leakage,mean_top1_agreement,mean_top2_agreement,mean_cum_regret
100,0.0,1.0,1.0,deterministic,0.1,exp4_dense,10,72.4012195808399,0.3610194702503303,0.00923666934459202,0.45899999999999996,0.733,270796.7780189425
100,0.0,1.0,1.0,deterministic,0.1,global_ucb_tw_dense,10,48.283996398473974,0.36055107006371057,0.009225359322232562,0.32199999999999995,0.576,511394.9444408254
100,0.0,1.0,1.0,deterministic,0.1,local_ucb_tw_dense,10,59.845385033774015,0.36088771791963226,0.009233503959503911,0.37699999999999995,0.6490000000000001,393624.35981149535
100,0.0,1.0,1.0,deterministic,0.1,oracle,10,100.0,0.36013556943617286,0.009214477279553431,1.0,1.0,0.0
100,0.0,1.0,1.0,deterministic,0.1,state_thompson,10,45.42688885112115,0.36069032797192374,0.009228570166934869,0.275,0.477,530589.1934830371
100,0.0,1.0,1.0,deterministic,0.1,tm_tw_dense,10,55.50153669426849,0.3606473786875978,0.00922765718974119,0.358,0.5820000000000001,445338.10165295226
100,0.0,1.0,1.0,deterministic,0.1,tm_tw_gated_offline,10,57.99288431064137,0.3071352292759988,0.007858729240603709,0.371,0.5919999999999999,427725.62074820587
100,0.0,1.0,1.0,deterministic,0.1,tm_tw_offline,10,52.46016125317444,0.3073302952766873,0.007863559627761587,0.33999999999999997,0.599,459418.7384140889
100,0.0,1.0,1.0,deterministic,0.1,tm_tw_refined_dense,10,78.54395581692825,0.36081775795694865,0.009230964468244613,0.521,0.7809999999999999,202757.99118557078
100,0.0,1.0,1.0,deterministic,0.1,tm_tw_refined_gated_offline,10,79.21121024814087,0.3071280740135105,0.007858594949620214,0.518,0.786,202425.3193138726
100,0.0,1.0,1.0,deterministic,0.1,tm_tw_refined_offline,10,77.12886698125266,0.3073156168201454,0.007862858095671934,0.525,0.7710000000000001,229742.59015869262
100,0.0,1.0,1.0,deterministic,0.1,tm_tw_refined_support_offline,10,74.03283990126138,0.06979023249545997,4.2638237976519234e-07,0.487,0.7729999999999999,250447.26754565755
100,0.0,1.0,1.0,deterministic,0.1,tm_tw_support_offline,10,49.79664179559069,0.07011762852580355,4.2635901320472345e-07,0.32899999999999996,0.5940000000000001,490715.42032615526
100,0.0,1.0,1.0,deterministic,0.1,tw_dense,10,47.38580485911999,0.3606024372424039,0.009225927445316199,0.298,0.556,540854.7105400864
100,0.0,1.0,1.0,deterministic,0.1,tw_gated_offline,10,48.465492963836866,0.30709316931503566,0.007857675477708107,0.28700000000000003,0.5369999999999999,522641.5670224674
100,0.0,1.0,1.0,deterministic,0.1,tw_offline,10,53.3677856243023,0.30704481867188627,0.007856455813183526,0.33999999999999997,0.542,483041.8507090146
100,0.0,1.0,1.0,deterministic,0.1,tw_support_offline,10,60.66996452322549,0.06965257425427226,4.274394335229425e-07,0.41100000000000003,0.657,406662.1783208289
100,0.1,1.0,1.0,deterministic,0.1,exp4_dense,10,71.28252850880064,0.3669078754174443,0.009387701648185729,0.462,0.709,288725.253337394
100,0.1,1.0,1.0,deterministic,0.1,global_ucb_tw_dense,10,50.8967196702978,0.36640533267958914,0.009375125756676709,0.344,0.5650000000000001,478967.4370714654
100,0.1,1.0,1.0,deterministic,0.1,local_ucb_tw_dense,10,58.72807074315055,0.36628432037870373,0.00937185412958066,0.374,0.614,412939.80541374284
100,0.1,1.0,1.0,deterministic,0.1,oracle,10,95.7031767598113,0.3661856656867638,0.009369648646426762,0.9120000000000001,0.959,46655.68654923438
100,0.1,1.0,1.0,deterministic,0.1,state_thompson,10,48.05651561752404,0.366560204559342,0.009378760918243512,0.28500000000000003,0.473,531824.759977921
100,0.1,1.0,1.0,deterministic,0.1,tm_tw_dense,10,53.51443231848375,0.3661997445575584,0.009370208385731953,0.337,0.583,470991.91678022966
100,0.1,1.0,1.0,deterministic,0.1,tm_tw_gated_offline,10,51.250898406029854,0.31188189450946985,0.007980114147670237,0.32599999999999996,0.5970000000000001,496852.4802007023
100,0.1,1.0,1.0,deterministic,0.1,tm_tw_offline,10,50.92796641602137,0.31180475291320553,0.00797843269397028,0.337,0.555,494889.5225283176
100,0.1,1.0,1.0,deterministic,0.1,tm_tw_refined_dense,10,76.55844711447591,0.36652148366318743,0.009378177533427269,0.49400000000000005,0.74,240966.52758725072
100,0.1,1.0,1.0,deterministic,0.1,tm_tw_refined_gated_offline,10,77.68453100207687,0.31162185326613645,0.00797372300971173,0.51,0.753,228126.5403220021
100,0.1,1.0,1.0,deterministic,0.1,tm_tw_refined_offline,10,75.79316678764316,0.31183084484199197,0.007978930251442131,0.47000000000000003,0.7380000000000001,230860.94167880696
100,0.1,1.0,1.0,deterministic,0.1,tm_tw_refined_support_offline,10,74.14621886063489,0.07231784746494033,0.0002795066259203753,0.48100000000000004,0.76,259811.08264386965
100,0.1,1.0,1.0,deterministic,0.1,tm_tw_support_offline,10,54.91555723329928,0.0714562056753902,0.0002642529626156446,0.36300000000000004,0.6160000000000001,447397.4043569799
100,0.1,1.0,1.0,deterministic,0.1,tw_dense,10,43.66407646165998,0.3664389573626147,0.009376073713761528,0.28700000000000003,0.529,541941.1714615573
100,0.1,1.0,1.0,deterministic,0.1,tw_gated_offline,10,45.282803322563254,0.3118619495702279,0.007979779826446664,0.273,0.515,534326.9880797823
100,0.1,1.0,1.0,deterministic,0.1,tw_offline,10,51.49168302841586,0.3117910917827088,0.00797809120020614,0.316,0.5509999999999999,501865.53023022105
100,0.1,1.0,1.0,deterministic,0.1,tw_support_offline,10,56.33765491446515,0.07153880599314878,0.00027635437862870747,0.35700000000000004,0.619,415137.1947128088
100,0.2,1.0,1.0,deterministic,0.1,exp4_dense,10,73.66301489295022,0.371498227712022,0.00950551259886551,0.4800000000000001,0.7130000000000001,256095.24168072967
100,0.2,1.0,1.0,deterministic,0.1,global_ucb_tw_dense,10,51.456525287709304,0.3713730509345681,0.009502778144059363,0.33599999999999997,0.584,484176.28119148884
100,0.2,1.0,1.0,deterministic,0.1,local_ucb_tw_dense,10,54.94208121099804,0.37131591528345986,0.00950105409734788,0.36699999999999994,0.607,457170.2137941734
100,0.2,1.0,1.0,deterministic,0.1,oracle,10,91.30039871908284,0.3715382116570885,0.009506759869050268,0.8140000000000001,0.932,95578.72872849459
100,0.2,1.0,1.0,deterministic,0.1,state_thompson,10,44.085287222320986,0.37146448675716803,0.009504997505215445,0.259,0.454,567228.965799249
100,0.2,1.0,1.0,deterministic,0.1,tm_tw_dense,10,43.670263639737044,0.3716034121954948,0.009508121846417323,0.274,0.534,546198.7980111256
100,0.2,1.0,1.0,deterministic,0.1,tm_tw_gated_offline,10,54.56150915443843,0.3160951568265351,0.008087935459876378,0.371,0.5890000000000001,470570.05676104856
100,0.2,1.0,1.0,deterministic,0.1,tm_tw_offline,10,46.449822645733704,0.3159998051458574,0.008085750603131315,0.299,0.5269999999999999,534089.8570146421
100,0.2,1.0,1.0,deterministic,0.1,tm_tw_refined_dense,10,70.2505678275442,0.3718474377770284,0.009514822642387899,0.47400000000000003,0.726,293154.94532536593
100,0.2,1.0,1.0,deterministic,0.1,tm_tw_refined_gated_offline,10,69.96391772619435,0.31618955485850575,0.008090561692871208,0.481,0.729,291494.7363374101
100,0.2,1.0,1.0,deterministic,0.1,tm_tw_refined_offline,10,71.49902615163805,0.3161780059193434,0.008090386615063245,0.445,0.708,272999.8279557961
100,0.2,1.0,1.0,deterministic,0.1,tm_tw_refined_support_offline,10,72.83881398531534,0.07250458663684359,0.0004982178276577,0.49300000000000005,0.741,282274.13592502725
100,0.2,1.0,1.0,deterministic,0.1,tm_tw_support_offline,10,57.31588501524292,0.07225718201061251,0.0004990448879659563,0.378,0.625,415007.3690922715
100,0.2,1.0,1.0,deterministic,0.1,tw_dense,10,42.60180038680267,0.37175817841235115,0.00951225045032286,0.27399999999999997,0.49399999999999994,589192.4831355627
100,0.2,1.0,1.0,deterministic,0.1,tw_gated_offline,10,44.64678993138623,0.31595005420724026,0.008084376078734657,0.27899999999999997,0.493,548028.3616027002
100,0.2,1.0,1.0,deterministic,0.1,tw_offline,10,45.36917866893033,0.31623467313438375,0.00809193177246666,0.302,0.5369999999999999,540449.5068298773
100,0.2,1.0,1.0,deterministic,0.1,tw_support_offline,10,47.25662801662747,0.07277692449893029,0.0005178089469305262,0.32,0.57,543836.4492813742
100,0.3,1.0,1.0,deterministic,0.1,exp4_dense,10,63.94456658067719,0.37653992216052423,0.009635052015314569,0.403,0.669,375933.6931696161
100,0.3,1.0,1.0,deterministic,0.1,global_ucb_tw_dense,10,54.516438287119456,0.3759960637319854,0.009621011742987542,0.358,0.593,458866.1694325089
100,0.3,1.0,1.0,deterministic,0.1,local_ucb_tw_dense,10,51.887290567432046,0.37633531536124326,0.009629814588262878,0.2919999999999999,0.575,482755.6730178982
100,0.3,1.0,1.0,deterministic,0.1,oracle,10,85.98528604336028,0.3763422971440339,0.009629996900295862,0.732,0.8910000000000002,151875.76674284143
100,0.3,1.0,1.0,deterministic,0.1,state_thompson,10,44.49714984657413,0.3761385272116328,0.009624766007115633,0.26600000000000007,0.4699999999999999,553465.5420830369
100,0.3,1.0,1.0,deterministic,0.1,tm_tw_dense,10,51.391063384792815,0.3758605497541199,0.009617389906300736,0.31700000000000006,0.563,488550.5861607965
100,0.3,1.0,1.0,deterministic,0.1,tm_tw_gated_offline,10,52.92585606935145,0.31933606776530205,0.008171214519772695,0.333,0.5850000000000001,463006.20676867105
100,0.3,1.0,1.0,deterministic,0.1,tm_tw_offline,10,55.10122020337781,0.3201488572971064,0.0081920984046484,0.339,0.563,456821.5215668691
100,0.3,1.0,1.0,deterministic,0.1,tm_tw_refined_dense,10,67.911504011134,0.3761431645702763,0.009624793942560984,0.42699999999999994,0.7,320959.063558201
100,0.3,1.0,1.0,deterministic,0.1,tm_tw_refined_gated_offline,10,71.08196724099516,0.3196515371219603,0.008179365951979671,0.44399999999999995,0.704,297383.7793810714
100,0.3,1.0,1.0,deterministic,0.1,tm_tw_refined_offline,10,70.49674417405363,0.319801809107963,0.008182880076049847,0.446,0.692,300376.22625999403
100,0.3,1.0,1.0,deterministic,0.1,tm_tw_refined_support_offline,10,70.6886800966509,0.07439950683794713,0.0007081209297646799,0.442,0.7110000000000001,288584.7419302855
100,0.3,1.0,1.0,deterministic,0.1,tm_tw_support_offline,10,60.633827298806715,0.07447347668595175,0.0007302515232749091,0.387,0.617,397139.33337278914
100,0.3,1.0,1.0,deterministic,0.1,tw_dense,10,49.79911616968969,0.37606349983622656,0.009622633597137473,0.31700000000000006,0.5589999999999999,529226.5744650688
100,0.3,1.0,1.0,deterministic,0.1,tw_gated_offline,10,47.97213516015774,0.3194899485034692,0.0081752371695883,0.29300000000000004,0.534,532937.5804174118
100,0.3,1.0,1.0,deterministic,0.1,tw_offline,10,43.929500295778794,0.3197694602633552,0.008182247886764398,0.291,0.528,556582.9973827846
100,0.3,1.0,1.0,deterministic,0.1,tw_support_offline,10,59.19699546671423,0.07491350757087986,0.000737853396115884,0.393,0.6360000000000001,394903.95991132443
20,0.0,1.0,1.0,deterministic,0.1,exp4_dense,10,79.09104501853852,0.24035756661568156,0.027545377862745902,0.514,0.759,207284.43166849943
20,0.0,1.0,1.0,deterministic,0.1,global_ucb_tw_dense,10,66.42886865087014,0.23315757288277048,0.025401709785696946,0.43600000000000005,0.6659999999999999,307848.9507816027
20,0.0,1.0,1.0,deterministic,0.1,local_ucb_tw_dense,10,66.46557488158501,0.2326796395611231,0.025124481157612392,0.42799999999999994,0.6920000000000001,306496.5303012222
20,0.0,1.0,1.0,deterministic,0.1,oracle,10,100.0,0.23109631490183405,0.025997707150988175,1.0,1.0,0.0
20,0.0,1.0,1.0,deterministic,0.1,state_thompson,10,62.71239995014042,0.23343832370832943,0.026050721631356438,0.37,0.6110000000000001,329648.6528017862
20,0.0,1.0,1.0,deterministic,0.1,tm_tw_dense,10,63.19525054830065,0.2336972614083376,0.025268314982687307,0.42400000000000004,0.661,336810.07009038335
20,0.0,1.0,1.0,deterministic,0.1,tm_tw_gated_offline,10,68.21887729463126,0.1597937222174978,0.019052956166273387,0.45899999999999996,0.702,285857.30138761026
20,0.0,1.0,1.0,deterministic,0.1,tm_tw_offline,10,56.11325167552949,0.15690985058704593,0.018459292022138456,0.361,0.666,409951.2949907932
20,0.0,1.0,1.0,deterministic,0.1,tm_tw_refined_dense,10,85.54878275594878,0.2366485521801497,0.02729856721975124,0.5429999999999999,0.818,141014.96580842123
20,0.0,1.0,1.0,deterministic,0.1,tm_tw_refined_gated_offline,10,86.59151131928526,0.1590876175065602,0.018891781925267685,0.613,0.8560000000000001,132965.1017871976
20,0.0,1.0,1.0,deterministic,0.1,tm_tw_refined_offline,10,80.76444068256093,0.15996131246304607,0.019049897686770113,0.5559999999999999,0.812,177740.99796793092
20,0.0,1.0,1.0,deterministic,0.1,tm_tw_refined_support_offline,10,86.63901437871405,0.08414152278130797,3.083273802195924e-07,0.604,0.841,130148.2935648465
20,0.0,1.0,1.0,deterministic,0.1,tm_tw_support_offline,10,67.69392064412634,0.08494709508001783,3.062472865748947e-07,0.4419999999999999,0.6679999999999999,296935.0199562351
20,0.0,1.0,1.0,deterministic,0.1,tw_dense,10,64.78311509849888,0.23429210773034786,0.02503789489556251,0.413,0.619,322464.88012182806
20,0.0,1.0,1.0,deterministic,0.1,tw_gated_offline,10,68.39268139760908,0.1591425855072594,0.019003968914309985,0.46399999999999997,0.7330000000000001,287394.8887485339
20,0.0,1.0,1.0,deterministic,0.1,tw_offline,10,61.29457950680334,0.15814741184369635,0.018455179693244082,0.399,0.647,355693.21696319303
20,0.0,1.0,1.0,deterministic,0.1,tw_support_offline,10,63.4621114304176,0.08847873141289837,3.020694356514796e-07,0.42700000000000005,0.671,343779.894431642
20,0.1,1.0,1.0,deterministic,0.1,exp4_dense,10,75.17171787947731,0.2563978272369617,0.03210999035834984,0.483,0.7390000000000001,227381.15331651882
20,0.1,1.0,1.0,deterministic,0.1,global_ucb_tw_dense,10,56.13615892225533,0.24978609371978164,0.030250114780606935,0.349,0.603,387019.91870034795
20,0.1,1.0,1.0,deterministic,0.1,local_ucb_tw_dense,10,70.5823977301914,0.25262413364697756,0.030354149060639785,0.458,0.706,258132.3617144594
20,0.1,1.0,1.0,deterministic,0.1,oracle,10,95.66612438491792,0.2508982017836559,0.030695649587375688,0.8880000000000001,0.9640000000000001,43139.97783702503
20,0.1,1.0,1.0,deterministic,0.1,state_thompson,10,55.20901041729837,0.24894308031640827,0.030656642636171884,0.31800000000000006,0.5740000000000001,406660.74142627313
20,0.1,1.0,1.0,deterministic,0.1,tm_tw_dense,10,59.86334457592011,0.25098541065846625,0.03001104847363763,0.392,0.5810000000000001,372261.0927141026
20,0.1,1.0,1.0,deterministic,0.1,tm_tw_gated_offline,10,58.84428587530154,0.17473383331830938,0.02233352244976717,0.40499999999999997,0.6829999999999999,378063.20101283916
20,0.1,1.0,1.0,deterministic,0.1,tm_tw_offline,10,58.014664009402736,0.17344809401953226,0.022003716942727663,0.40099999999999997,0.6380000000000001,375448.6370104583
20,0.1,1.0,1.0,deterministic,0.1,tm_tw_refined_dense,10,81.39588374071424,0.254619992228598,0.0316512714619348,0.524,0.775,185697.1399381988
20,0.1,1.0,1.0,deterministic,0.1,tm_tw_refined_gated_offline,10,77.59488947975538,0.17367836199771575,0.022308668994176925,0.518,0.8,214952.12957620932
20,0.1,1.0,1.0,deterministic,0.1,tm_tw_refined_offline,10,79.19893517365765,0.17452683311737843,0.022353322441780947,0.5189999999999999,0.748,197376.38433127297
20,0.1,1.0,1.0,deterministic,0.1,tm_tw_refined_support_offline,10,80.51858880033532,0.09080971217411964,0.0035710690195052464,0.517,0.787,181329.00603017086
20,0.1,1.0,1.0,deterministic,0.1,tm_tw_support_offline,10,56.23529430116808,0.08975928212848079,0.003913628828797698,0.369,0.6089999999999999,377150.79002678196
20,0.1,1.0,1.0,deterministic,0.1,tw_dense,10,56.44100014558546,0.2502724067924624,0.029741109065288807,0.37899999999999995,0.625,403195.80440356897
20,0.1,1.0,1.0,deterministic,0.1,tw_gated_offline,10,65.69358945610949,0.17508079516474445,0.022453988563568554,0.457,0.716,319095.3893254242
20,0.1,1.0,1.0,deterministic,0.1,tw_offline,10,60.84181788591587,0.1744457366368011,0.021891878374739597,0.41899999999999993,0.64,365726.8796860168
20,0.1,1.0,1.0,deterministic,0.1,tw_support_offline,10,64.42649442281638,0.09191959465891686,0.003713705908891367,0.406,0.6479999999999999,320536.5543187962
20,0.2,1.0,1.0,deterministic,0.1,exp4_dense,10,74.47017106742695,0.27149282585350903,0.035682686769562655,0.454,0.7050000000000001,225097.5672101336
20,0.2,1.0,1.0,deterministic,0.1,global_ucb_tw_dense,10,52.48324794631526,0.27061616572002045,0.03459799393822219,0.325,0.6020000000000001,423604.5464804542
20,0.2,1.0,1.0,deterministic,0.1,local_ucb_tw_dense,10,65.2211033578966,0.2698350775099681,0.03474001983117532,0.40599999999999997,0.675,314434.19534192217
20,0.2,1.0,1.0,deterministic,0.1,oracle,10,91.80772896816521,0.2686208637001954,0.03455787655441721,0.8320000000000001,0.9339999999999999,82391.9216910761
20,0.2,1.0,1.0,deterministic,0.1,state_thompson,10,54.861685621694086,0.2673494827883263,0.03473056915742365,0.356,0.5700000000000001,440728.87029064476
20,0.2,1.0,1.0,deterministic,0.1,tm_tw_dense,10,63.39470250299341,0.26849433413599766,0.034492367693330604,0.396,0.645,337732.5988122452
20,0.2,1.0,1.0,deterministic,0.1,tm_tw_gated_offline,10,63.08306105715892,0.1906181500143846,0.025302237094332686,0.398,0.653,340771.1346848138
20,0.2,1.0,1.0,deterministic,0.1,tm_tw_offline,10,58.26116908939453,0.1911067221493948,0.025279766227038286,0.371,0.626,386160.31050854165
20,0.2,1.0,1.0,deterministic,0.1,tm_tw_refined_dense,10,78.67498430984485,0.2719122469971578,0.03564129160584225,0.492,0.751,198553.42078433352
20,0.2,1.0,1.0,deterministic,0.1,tm_tw_refined_gated_offline,10,71.7611029747714,0.18988967830510484,0.025303551969886318,0.4830000000000001,0.7289999999999999,283421.8594851017
20,0.2,1.0,1.0,deterministic,0.1,tm_tw_refined_offline,10,74.95820868965367,0.19029877409654178,0.025353153438864184,0.491,0.757,253985.12385365315
20,0.2,1.0,1.0,deterministic,0.1,tm_tw_refined_support_offline,10,78.01544070642117,0.09886237107666028,0.007088803598846685,0.506,0.7470000000000001,207272.94409104594
20,0.2,1.0,1.0,deterministic,0.1,tm_tw_support_offline,10,62.590017047985555,0.10317878342727697,0.00732484022323633,0.42800000000000005,0.658,347538.96677960764
20,0.2,1.0,1.0,deterministic,0.1,tw_dense,10,56.59192501727382,0.26729296674910696,0.033986461877795686,0.366,0.633,382867.0590793335
20,0.2,1.0,1.0,deterministic,0.1,tw_gated_offline,10,49.2048278877795,0.1920339045268226,0.025270860547509683,0.325,0.567,433618.09453089506
20,0.2,1.0,1.0,deterministic,0.1,tw_offline,10,56.29058819573548,0.18872680357417004,0.025006784153885027,0.353,0.58,400249.95940613176
20,0.2,1.0,1.0,deterministic,0.1,tw_support_offline,10,67.14057799080621,0.10113758162244288,0.007163186928349807,0.471,0.6930000000000001,315911.06415398297
20,0.3,1.0,1.0,deterministic,0.1,exp4_dense,10,70.19339883259379,0.29109233850855054,0.039718524105471324,0.44800000000000006,0.693,264675.9316498786
20,0.3,1.0,1.0,deterministic,0.1,global_ucb_tw_dense,10,57.02158731235405,0.2875076732128754,0.03816589843426505,0.364,0.5760000000000001,376945.86709195643
20,0.3,1.0,1.0,deterministic,0.1,local_ucb_tw_dense,10,61.19765308691633,0.2867703761327098,0.03808854427788094,0.4,0.673,344423.4624757799
20,0.3,1.0,1.0,deterministic,0.1,oracle,10,86.35129561150897,0.2884412245617745,0.038650174738084866,0.746,0.897,140861.81507919173
20,0.3,1.0,1.0,deterministic,0.1,state_thompson,10,54.586585670003146,0.28931944896922535,0.03872534788479867,0.322,0.5290000000000001,414290.8235022448
20,0.3,1.0,1.0,deterministic,0.1,tm_tw_dense,10,54.792430421739596,0.28858519413839734,0.03813505872000879,0.33999999999999997,0.579,421786.2878587328
20,0.3,1.0,1.0,deterministic,0.1,tm_tw_gated_offline,10,60.089065827672016,0.20339375466978327,0.02773038030436419,0.383,0.6379999999999999,365574.57726201584
20,0.3,1.0,1.0,deterministic,0.1,tm_tw_offline,10,54.0654892644813,0.20431340578718457,0.02775680004440797,0.34199999999999997,0.618,407472.8924887925
20,0.3,1.0,1.0,deterministic,0.1,tm_tw_refined_dense,10,72.49998026046379,0.2884590805249167,0.03899503969243627,0.46299999999999997,0.7210000000000001,229818.83617767636
20,0.3,1.0,1.0,deterministic,0.1,tm_tw_refined_gated_offline,10,77.25885693119865,0.20232334029637386,0.02770987509666554,0.509,0.764,210833.60733018434
20,0.3,1.0,1.0,deterministic,0.1,tm_tw_refined_offline,10,67.39350476790602,0.20502844736764794,0.02786271513918223,0.43900000000000006,0.713,308928.1868357667
20,0.3,1.0,1.0,deterministic,0.1,tm_tw_refined_support_offline,10,72.60166330075707,0.10738450835331995,0.01009097687638197,0.481,0.743,263923.2629279429
20,0.3,1.0,1.0,deterministic,0.1,tm_tw_support_offline,10,60.905194465903584,0.1115842120605105,0.010277975867408529,0.389,0.634,358587.21614680823
20,0.3,1.0,1.0,deterministic,0.1,tw_dense,10,51.619679388097076,0.2871907773839014,0.0376740760705454,0.312,0.5790000000000001,427625.4401331389
20,0.3,1.0,1.0,deterministic,0.1,tw_gated_offline,10,56.813902755039315,0.20693079213499305,0.028117180989552508,0.39,0.614,375477.91306524735
20,0.3,1.0,1.0,deterministic,0.1,tw_offline,10,55.29772765949222,0.20306204015567247,0.027504187475605922,0.375,0.613,425647.08176382695
20,0.3,1.0,1.0,deterministic,0.1,tw_support_offline,10,55.316407035875706,0.11197339392772936,0.010000219832004473,0.385,0.63,409808.2256158452
50,0.0,1.0,1.0,deterministic,0.1,exp4_dense,10,79.97082162749508,0.3085763461394811,0.01589718043997952,0.551,0.783,204923.49214486426
50,0.0,1.0,1.0,deterministic,0.1,global_ucb_tw_dense,10,56.72453791616253,0.30346548232484205,0.015659259067037003,0.387,0.631,427648.6847077779
50,0.0,1.0,1.0,deterministic,0.1,local_ucb_tw_dense,10,61.99738710362806,0.3052025658078016,0.015719044752892743,0.41600000000000004,0.702,371090.27075598756
50,0.0,1.0,1.0,deterministic,0.1,oracle,10,100.0,0.304267577972526,0.015674492347519702,1.0,1.0,0.0
50,0.0,1.0,1.0,deterministic,0.1,state_thompson,10,51.8695748960417,0.3067108037786529,0.01582906030622549,0.312,0.5200000000000001,460322.23814048414
50,0.0,1.0,1.0,deterministic,0.1,tm_tw_dense,10,58.09372574467517,0.3052115701205702,0.0157247295363011,0.361,0.642,421556.30806348455
50,0.0,1.0,1.0,deterministic,0.1,tm_tw_gated_offline,10,63.765866180881474,0.23975750663545242,0.012413982566744508,0.446,0.68,351376.59826086
50,0.0,1.0,1.0,deterministic,0.1,tm_tw_offline,10,56.963164803530404,0.23886426365711827,0.012388725434578514,0.371,0.596,407937.4122368341
50,0.0,1.0,1.0,deterministic,0.1,tm_tw_refined_dense,10,78.15109615960692,0.3077774513171784,0.015847875072281088,0.5359999999999999,0.789,215704.05648670407
50,0.0,1.0,1.0,deterministic,0.1,tm_tw_refined_gated_offline,10,81.35047617255765,0.2400003863914905,0.012425414724719605,0.557,0.788,188572.2278776925
50,0.0,1.0,1.0,deterministic,0.1,tm_tw_refined_offline,10,82.03649656821948,0.24028915928342864,0.01243596014707012,0.5499999999999999,0.7879999999999999,176282.64287955925
50,0.0,1.0,1.0,deterministic,0.1,tm_tw_refined_support_offline,10,79.81828971751536,0.07908408884600987,3.817414501310065e-07,0.5369999999999999,0.8150000000000001,190417.72869668374
50,0.0,1.0,1.0,deterministic,0.1,tm_tw_support_offline,10,57.192126045347344,0.0813162409631016,3.783103250397483e-07,0.4,0.646,434602.8647560958
50,0.0,1.0,1.0,deterministic,0.1,tw_dense,10,49.156239663034356,0.3027627943373209,0.01563745323534347,0.321,0.5389999999999999,489991.12489659863
50,0.0,1.0,1.0,deterministic,0.1,tw_gated_offline,10,58.95591205257872,0.23980339108258017,0.012430142825555369,0.41600000000000004,0.626,390271.793867848
50,0.0,1.0,1.0,deterministic,0.1,tw_offline,10,55.55126865716685,0.23879568198585605,0.01237798427398743,0.388,0.609,439203.8635726174
50,0.0,1.0,1.0,deterministic,0.1,tw_support_offline,10,63.44019295987964,0.08032350700559376,3.799582320050199e-07,0.42800000000000005,0.696,357827.70734842046
50,0.1,1.0,1.0,deterministic,0.1,exp4_dense,10,72.81085808587396,0.32160821805469436,0.01668249492819429,0.4870000000000001,0.721,273072.64209869254
50,0.1,1.0,1.0,deterministic,0.1,global_ucb_tw_dense,10,57.39694557525551,0.3182124763237272,0.016511457433051654,0.379,0.601,414661.9839518713
50,0.1,1.0,1.0,deterministic,0.1,local_ucb_tw_dense,10,64.41823908296288,0.3193836733470144,0.016560210133090152,0.413,0.649,361602.2300716074
50,0.1,1.0,1.0,deterministic,0.1,oracle,10,94.64208103881583,0.31842348745911475,0.016507588914745307,0.9030000000000001,0.9710000000000001,57026.76403970048
50,0.1,1.0,1.0,deterministic,0.1,state_thompson,10,50.89228476773573,0.3187405263094342,0.016531873508777446,0.32599999999999996,0.5330000000000001,493732.18847874244
50,0.1,1.0,1.0,deterministic,0.1,tm_tw_dense,10,58.54188477325014,0.32085167005830223,0.016639550592318957,0.382,0.634,402482.977276264
50,0.1,1.0,1.0,deterministic,0.1,tm_tw_gated_offline,10,60.11502866816086,0.2505655761411273,0.0130534597077307,0.36300000000000004,0.6289999999999999,391609.11184363754
50,0.1,1.0,1.0,deterministic,0.1,tm_tw_offline,10,60.970809049595594,0.24969666615789904,0.01299047476387594,0.4050000000000001,0.6629999999999999,384773.55440721475
50,0.1,1.0,1.0,deterministic,0.1,tm_tw_refined_dense,10,76.66913081737427,0.32166958911820803,0.016672916521582704,0.495,0.753,220018.8580902246
50,0.1,1.0,1.0,deterministic,0.1,tm_tw_refined_gated_offline,10,75.15486315361609,0.2499216474667308,0.013021659826001541,0.5389999999999999,0.7869999999999999,255408.5844804532
50,0.1,1.0,1.0,deterministic,0.1,tm_tw_refined_offline,10,77.54932130096849,0.2503586088843234,0.013019864115794866,0.5439999999999999,0.7830000000000001,216648.64069339322
50,0.1,1.0,1.0,deterministic,0.1,tm_tw_refined_support_offline,10,76.27469250390794,0.08034281329676207,0.0009025007870227001,0.522,0.774,236782.82818238513
50,0.1,1.0,1.0,deterministic,0.1,tm_tw_support_offline,10,50.17384307432807,0.08232239805542955,0.0009700157049112055,0.31999999999999995,0.5940000000000001,477052.59857074125
50,0.1,1.0,1.0,deterministic,0.1,tw_dense,10,52.50309353546336,0.31898993136978687,0.016541668424820813,0.34700000000000003,0.592,474686.6304020815
50,0.1,1.0,1.0,deterministic,0.1,tw_gated_offline,10,56.511895598168465,0.24994782745515726,0.013007903243883035,0.364,0.639,421670.77043515164
50,0.1,1.0,1.0,deterministic,0.1,tw_offline,10,51.50231622898882,0.24913276715931604,0.012973822368526955,0.353,0.5870000000000001,453455.01709512796
50,0.1,1.0,1.0,deterministic,0.1,tw_support_offline,10,57.545384985225134,0.08126618500179672,0.0008702526417188111,0.375,0.624,411725.00457881537
50,0.2,1.0,1.0,deterministic,0.1,exp4_dense,10,74.43951710662512,0.3336497970215452,0.01737598282382793,0.512,0.74,248651.27465465767
50,0.2,1.0,1.0,deterministic,0.1,global_ucb_tw_dense,10,47.77070997145459,0.331398716926872,0.017256434959787233,0.314,0.5730000000000001,513917.8014826486
50,0.2,1.0,1.0,deterministic,0.1,local_ucb_tw_dense,10,54.56653511493145,0.33120599368686154,0.017244020414013895,0.359,0.625,438648.6557765549
50,0.2,1.0,1.0,deterministic,0.1,oracle,10,89.8252162885317,0.33141794986102946,0.01727910637397355,0.825,0.9269999999999999,109253.53000381347
50,0.2,1.0,1.0,deterministic,0.1,state_thompson,10,49.14958873140817,0.33153274409507494,0.017260401363715056,0.28700000000000003,0.491,490276.3579716178
50,0.2,1.0,1.0,deterministic,0.1,tm_tw_dense,10,58.098342475518564,0.33162438380535786,0.017272552887920557,0.39100000000000007,0.63,413025.8919694448
50,0.2,1.0,1.0,deterministic,0.1,tm_tw_gated_offline,10,57.03987798154601,0.2591659013698709,0.013532633024626392,0.379,0.625,427224.2224281269
50,0.2,1.0,1.0,deterministic,0.1,tm_tw_offline,10,54.51446324846124,0.25938427809410386,0.013530368390735995,0.364,0.633,453743.381309574
50,0.2,1.0,1.0,deterministic,0.1,tm_tw_refined_dense,10,77.02969772843804,0.33324658768950255,0.017351057713774383,0.501,0.7590000000000001,223179.61709585955
50,0.2,1.0,1.0,deterministic,0.1,tm_tw_refined_gated_offline,10,74.97760743479162,0.25980830617019873,0.013574384948653626,0.5000000000000001,0.755,243607.84649694394
50,0.2,1.0,1.0,deterministic,0.1,tm_tw_refined_offline,10,73.29256164040666,0.2604152129962477,0.01359132110912778,0.48900000000000005,0.7489999999999999,248905.04094371764
50,0.2,1.0,1.0,deterministic,0.1,tm_tw_refined_support_offline,10,74.50484537339148,0.0858703665867377,0.0016591608142835224,0.499,0.7369999999999999,247997.28626693628
50,0.2,1.0,1.0,deterministic,0.1,tm_tw_support_offline,10,55.43995250241263,0.08583601611035871,0.0016906982346441349,0.379,0.644,444020.31565447093
50,0.2,1.0,1.0,deterministic,0.1,tw_dense,10,54.30864325328745,0.33063395277984886,0.01722315349833468,0.34500000000000003,0.5660000000000001,446448.87703485676
50,0.2,1.0,1.0,deterministic,0.1,tw_gated_offline,10,53.79844761585905,0.2592416673496686,0.013534267775174844,0.372,0.587,456171.7830593189
50,0.2,1.0,1.0,deterministic,0.1,tw_offline,10,45.75634371342828,0.2595450264883784,0.013547363033012261,0.304,0.5359999999999999,524451.2999511156
50,0.2,1.0,1.0,deterministic,0.1,tw_support_offline,10,58.122499808721656,0.08684768256722737,0.0016288366843895598,0.414,0.652,393663.6869571462
50,0.3,1.0,1.0,deterministic,0.1,exp4_dense,10,64.98398818523056,0.34331324183721795,0.017913979496133752,0.434,0.69,351092.2272928627
50,0.3,1.0,1.0,deterministic,0.1,global_ucb_tw_dense,10,53.615942103109454,0.34245105399203996,0.01789616274392118,0.358,0.6,467491.69974281953
50,0.3,1.0,1.0,deterministic,0.1,local_ucb_tw_dense,10,61.894892774433515,0.34219188376235843,0.01786211387272999,0.385,0.6410000000000001,379449.4555767739
50,0.3,1.0,1.0,deterministic,0.1,oracle,10,85.05424582558098,0.34368592430833644,0.017952535256316838,0.721,0.8789999999999999,160208.4663821638
50,0.3,1.0,1.0,deterministic,0.1,state_thompson,10,47.79061467467985,0.34271462173290296,0.017888967349583174,0.30399999999999994,0.493,505134.8263125974
50,0.3,1.0,1.0,deterministic,0.1,tm_tw_dense,10,54.24843180289565,0.3442050607152001,0.017974610291610533,0.352,0.5880000000000001,423027.41026810464
50,0.3,1.0,1.0,deterministic,0.1,tm_tw_gated_offline,10,59.11413461446483,0.26827347026048254,0.014033963713267015,0.41500000000000004,0.648,414306.8459771803
50,0.3,1.0,1.0,deterministic,0.1,tm_tw_offline,10,53.24145459003737,0.26818492144836237,0.014023995460209937,0.363,0.6079999999999999,441760.6190191336
50,0.3,1.0,1.0,deterministic,0.1,tm_tw_refined_dense,10,70.4973953068351,0.3456625250836103,0.018034388118873125,0.47400000000000003,0.733,286582.16101066663
50,0.3,1.0,1.0,deterministic,0.1,tm_tw_refined_gated_offline,10,73.77635466039439,0.2682457068089612,0.014026560111291216,0.496,0.749,253903.51182124694
50,0.3,1.0,1.0,deterministic,0.1,tm_tw_refined_offline,10,72.42832150575634,0.26847734463429884,0.014047729857282264,0.5109999999999999,0.7540000000000001,281622.4046550601
50,0.3,1.0,1.0,deterministic,0.1,tm_tw_refined_support_offline,10,70.05673267156843,0.09112860514217457,0.002431261702506561,0.46900000000000003,0.725,297787.58859338786
50,0.3,1.0,1.0,deterministic,0.1,tm_tw_support_offline,10,56.1939044525512,0.09125227869310347,0.002446708048695872,0.372,0.623,439630.2256525511
50,0.3,1.0,1.0,deterministic,0.1,tw_dense,10,51.458754765880414,0.3422880907806142,0.017868200322105093,0.35300000000000004,0.5690000000000001,469279.90738708805
50,0.3,1.0,1.0,deterministic,0.1,tw_gated_offline,10,54.454304136969924,0.2677702834367878,0.013994650708455694,0.382,0.639,465528.8531005563
50,0.3,1.0,1.0,deterministic,0.1,tw_offline,10,55.47754629211803,0.26878663310181744,0.014055867033688964,0.35200000000000004,0.6,440479.8139455051
50,0.3,1.0,1.0,deterministic,0.1,tw_support_offline,10,53.49472953843629,0.09183692609807918,0.0024668483990150257,0.36200000000000004,0.617,444475.1554450289
8,0.0,1.0,1.0,deterministic,0.1,exp4_dense,10,88.2724998158709,0.1875302415762153,0.05680132670362642,0.6,0.7630000000000001,108652.73814271475
8,0.0,1.0,1.0,deterministic,0.1,global_ucb_tw_dense,10,79.33471046861538,0.1825471002023845,0.03988664207310895,0.5549999999999999,0.77,213245.16098473623
8,0.0,1.0,1.0,deterministic,0.1,local_ucb_tw_dense,10,85.4765657527385,0.17937181893192017,0.041511846846182074,0.641,0.8,156110.7324368658
8,0.0,1.0,1.0,deterministic,0.1,oracle,10,100.0,0.18335524616582338,0.043637469596471655,1.0,1.0,0.0
8,0.0,1.0,1.0,deterministic,0.1,state_thompson,10,66.23020161180219,0.18032474957209285,0.04250780846459783,0.399,0.638,323948.7805082336
8,0.0,1.0,1.0,deterministic,0.1,tm_tw_dense,10,80.52744339023626,0.18217451962417766,0.04110312512186442,0.5900000000000001,0.782,213519.31954823475
8,0.0,1.0,1.0,deterministic,0.1,tm_tw_gated_offline,10,70.15038959383303,0.1106336774978075,0.028563978420573056,0.4919999999999999,0.721,303277.83933949017
8,0.0,1.0,1.0,deterministic,0.1,tm_tw_offline,10,65.79683967797749,0.11075068794578599,0.025657376457803527,0.42800000000000005,0.6769999999999999,344264.38032636914
8,0.0,1.0,1.0,deterministic,0.1,tm_tw_refined_dense,10,91.05180448252435,0.18175458870271116,0.04616631751384735,0.631,0.8200000000000001,96142.60480118402
8,0.0,1.0,1.0,deterministic,0.1,tm_tw_refined_gated_offline,10,92.14922518299346,0.1094074180600036,0.026977555584871887,0.6819999999999999,0.8640000000000001,96335.55891502553
8,0.0,1.0,1.0,deterministic,0.1,tm_tw_refined_offline,10,93.15899466118961,0.11232304994990341,0.026452346344739842,0.688,0.8540000000000001,70201.96009699629
8,0.0,1.0,1.0,deterministic,0.1,tm_tw_refined_support_offline,10,95.49558075136513,0.08018130021538435,2.42708004065915e-07,0.72,0.867,53015.84890178761
8,0.0,1.0,1.0,deterministic,0.1,tm_tw_support_offline,10,79.23202726282369,0.08379876952199096,2.3271553683735842e-07,0.585,0.806,222185.41049355263
8,0.0,1.0,1.0,deterministic,0.1,tw_dense,10,80.95673190538989,0.18587100661722386,0.038969450034050904,0.5940000000000001,0.7849999999999999,196055.5662376256
8,0.0,1.0,1.0,deterministic,0.1,tw_gated_offline,10,73.43687148519278,0.10950442863916865,0.026711178742901198,0.549,0.765,272628.31864546647
8,0.0,1.0,1.0,deterministic,0.1,tw_offline,10,73.36983232863477,0.11085517565715979,0.025031200053685372,0.557,0.765,275547.6555012257
8,0.0,1.0,1.0,deterministic,0.1,tw_support_offline,10,81.7347615237272,0.08382790420378966,2.310518793930334e-07,0.624,0.8099999999999999,187499.8310961513
8,0.1,1.0,1.0,deterministic,0.1,exp4_dense,10,89.83146606712197,0.19240856477325646,0.06797119564483586,0.651,0.8,96505.65027574218
8,0.1,1.0,1.0,deterministic,0.1,global_ucb_tw_dense,10,72.48819196953092,0.19311919467041333,0.05888869366223437,0.502,0.68,253299.0545053936
8,0.1,1.0,1.0,deterministic,0.1,local_ucb_tw_dense,10,77.60911998901851,0.19416037031600356,0.058410100418662014,0.535,0.736,224112.81525566848
8,0.1,1.0,1.0,deterministic,0.1,oracle,10,95.55393940417613,0.1910281725152011,0.06034926865386421,0.906,0.969,47239.52687176554
8,0.1,1.0,1.0,deterministic,0.1,state_thompson,10,72.09371640968759,0.1848969375863506,0.059485832074201384,0.466,0.673,273792.98746894114
8,0.1,1.0,1.0,deterministic,0.1,tm_tw_dense,10,82.88004090462951,0.19644992239206566,0.05874200507634921,0.5919999999999999,0.739,181037.1640928083
8,0.1,1.0,1.0,deterministic,0.1,tm_tw_gated_offline,10,75.20881252839115,0.11925240720182984,0.03997309009266385,0.5529999999999999,0.7390000000000001,235561.1836388248
8,0.1,1.0,1.0,deterministic,0.1,tm_tw_offline,10,84.0300706119129,0.12461138395999323,0.04042914932169167,0.632,0.7699999999999999,153812.37106769584
8,0.1,1.0,1.0,deterministic,0.1,tm_tw_refined_dense,10,90.86391809341694,0.18756007237093342,0.058597325509939915,0.6569999999999999,0.827,100457.88174208063
8,0.1,1.0,1.0,deterministic,0.1,tm_tw_refined_gated_offline,10,87.12890606582212,0.11956417811092117,0.039678967259032354,0.625,0.8049999999999999,138504.97590231252
8,0.1,1.0,1.0,deterministic,0.1,tm_tw_refined_offline,10,88.21563093543033,0.12068073141405977,0.0390891166446458,0.6289999999999999,0.826,124391.85389220048
8,0.1,1.0,1.0,deterministic,0.1,tm_tw_refined_support_offline,10,89.42464590654471,0.08563356949566801,0.012568991185366201,0.6719999999999999,0.833,112505.70771374386
8,0.1,1.0,1.0,deterministic,0.1,tm_tw_support_offline,10,79.70728018339193,0.08779214361156817,0.013921012076430544,0.5960000000000001,0.761,199252.3154470521
8,0.1,1.0,1.0,deterministic,0.1,tw_dense,10,73.03242590335732,0.19182473631455457,0.057038843221797766,0.506,0.718,267955.6516175698
8,0.1,1.0,1.0,deterministic,0.1,tw_gated_offline,10,72.26648847756718,0.1192198974531399,0.03964033833793542,0.54,0.747,290206.4145276441
8,0.1,1.0,1.0,deterministic,0.1,tw_offline,10,75.55776251222206,0.12475272534331387,0.03956206801959932,0.532,0.7180000000000002,224154.65325703035
8,0.1,1.0,1.0,deterministic,0.1,tw_support_offline,10,77.25565163737197,0.0918275467497916,0.014014716176321287,0.586,0.7759999999999999,214573.12563718026
8,0.2,1.0,1.0,deterministic,0.1,exp4_dense,10,78.44511466963216,0.20954447115847566,0.08260730197393396,0.533,0.7209999999999999,219801.76131168922
8,0.2,1.0,1.0,deterministic,0.1,global_ucb_tw_dense,10,61.21681411658233,0.20426762499463877,0.06973323151795308,0.409,0.683,387026.40274552774
8,0.2,1.0,1.0,deterministic,0.1,local_ucb_tw_dense,10,77.5198203653205,0.21003990584294235,0.07256913848140233,0.52,0.713,236457.1959384543
8,0.2,1.0,1.0,deterministic,0.1,oracle,10,92.95786768245117,0.2071775071393954,0.07556177679522215,0.8560000000000001,0.944,74091.28053184386
8,0.2,1.0,1.0,deterministic,0.1,state_thompson,10,63.05940335850463,0.2010476068425914,0.07091876449250475,0.38900000000000007,0.6239999999999999,372974.98719225475
8,0.2,1.0,1.0,deterministic,0.1,tm_tw_dense,10,74.66874614995831,0.2124040426078198,0.0721160617160791,0.556,0.74,270239.8185054845
8,0.2,1.0,1.0,deterministic,0.1,tm_tw_gated_offline,10,68.9009848910894,0.13594598276861267,0.0510951819976954,0.496,0.707,301634.66248657356
8,0.2,1.0,1.0,deterministic,0.1,tm_tw_offline,10,62.69273060823317,0.13941179829871359,0.05073774470097927,0.425,0.661,375800.9086600934
8,0.2,1.0,1.0,deterministic,0.1,tm_tw_refined_dense,10,87.74314002019591,0.2112902218904697,0.07502718376705865,0.5980000000000001,0.779,134734.5541568242
8,0.2,1.0,1.0,deterministic,0.1,tm_tw_refined_gated_offline,10,84.26421826328588,0.13526920856098296,0.05130809687901604,0.5860000000000001,0.779,171468.57870370016
8,0.2,1.0,1.0,deterministic,0.1,tm_tw_refined_offline,10,82.08157083045953,0.13787515419946772,0.050909859394754745,0.577,0.8089999999999999,181588.73949588038
8,0.2,1.0,1.0,deterministic,0.1,tm_tw_refined_support_offline,10,86.82616770547932,0.10006831609750318,0.02494654297910252,0.6120000000000001,0.8099999999999999,135259.49241342588
8,0.2,1.0,1.0,deterministic,0.1,tm_tw_support_offline,10,80.72844296226897,0.10440832487792784,0.024577428476918715,0.6050000000000001,0.765,186094.76640791143
8,0.2,1.0,1.0,deterministic,0.1,tw_dense,10,75.08944461562012,0.212028881142479,0.0720755127261571,0.514,0.7120000000000001,244303.55805457616
8,0.2,1.0,1.0,deterministic,0.1,tw_gated_offline,10,70.54293221603072,0.13731612100621524,0.049740958477838215,0.5040000000000001,0.732,284361.34841958515
8,0.2,1.0,1.0,deterministic,0.1,tw_offline,10,68.2559470636096,0.14049226281872454,0.049749005202709,0.488,0.6739999999999999,287106.14846021583
8,0.2,1.0,1.0,deterministic,0.1,tw_support_offline,10,69.82893925222544,0.10293806171668292,0.02496908030263118,0.509,0.725,270739.6139300566
8,0.3,1.0,1.0,deterministic,0.1,exp4_dense,10,86.09364028832316,0.2291339119433032,0.08952316764316681,0.5740000000000001,0.75,146667.9232855977
8,0.3,1.0,1.0,deterministic,0.1,global_ucb_tw_dense,10,73.08094504685198,0.22467613858126279,0.08392089555047393,0.526,0.7449999999999999,281207.2403009343
8,0.3,1.0,1.0,deterministic,0.1,local_ucb_tw_dense,10,75.71900419130597,0.22998603359278605,0.08363056986943365,0.48900000000000005,0.6839999999999999,224454.37883559003
8,0.3,1.0,1.0,deterministic,0.1,oracle,10,90.46416983343879,0.2275971781621262,0.08788442154032972,0.793,0.9129999999999999,97846.41644018124
8,0.3,1.0,1.0,deterministic,0.1,state_thompson,10,65.29001899414739,0.21948381908935383,0.08395034706742217,0.434,0.6479999999999999,334226.1871955086
8,0.3,1.0,1.0,deterministic,0.1,tm_tw_dense,10,71.78637353441056,0.22512878171231324,0.08386528065119998,0.4760000000000001,0.675,265206.2665077705
8,0.3,1.0,1.0,deterministic,0.1,tm_tw_gated_offline,10,78.3818053907,0.15540263873116933,0.061939041375046855,0.582,0.76,204954.458673144
8,0.3,1.0,1.0,deterministic,0.1,tm_tw_offline,10,73.08817085693715,0.1579710127313785,0.06230440915018866,0.52,0.732,251879.20741476794
8,0.3,1.0,1.0,deterministic,0.1,tm_tw_refined_dense,10,83.78066763668771,0.22848488306105566,0.08705064902632317,0.576,0.753,183993.3595946025
8,0.3,1.0,1.0,deterministic,0.1,tm_tw_refined_gated_offline,10,87.76613326980522,0.15318138115651844,0.06042896537908891,0.627,0.796,125721.75581593564
8,0.3,1.0,1.0,deterministic,0.1,tm_tw_refined_offline,10,83.84015896483875,0.15493440055500107,0.06089725876280144,0.571,0.764,168411.74287122083
8,0.3,1.0,1.0,deterministic,0.1,tm_tw_refined_support_offline,10,87.4714071637589,0.11605767887939429,0.03415368117447365,0.62,0.7969999999999999,131954.9060213346
8,0.3,1.0,1.0,deterministic,0.1,tm_tw_support_offline,10,68.98020469693465,0.11571696687124375,0.03316476048431142,0.515,0.7070000000000001,293695.9526835323
8,0.3,1.0,1.0,deterministic,0.1,tw_dense,10,68.98449538258015,0.22657307080942726,0.08286698963332949,0.47300000000000003,0.6890000000000001,309405.69633829856
8,0.3,1.0,1.0,deterministic,0.1,tw_gated_offline,10,68.09887869560883,0.1562709826013385,0.06083626508040226,0.507,0.717,329788.4591558399
8,0.3,1.0,1.0,deterministic,0.1,tw_offline,10,61.508939637617814,0.15909799380149756,0.06168978260495095,0.398,0.6070000000000001,365321.9490719534
8,0.3,1.0,1.0,deterministic,0.1,tw_support_offline,10,72.44983560374274,0.11656438214247092,0.03385072236855859,0.544,0.718,261309.65438679402
